sku;name;brand;category;priceUyu
2190;Perfume Natura Hombre Emocione 100 Ml;Natura Hombre;Perfumería;3299
2446;Perfume Una 75 Ml;Una;Perfumería;3299
2458;Perfume Una Artisan 75 Ml;Una;Perfumería;3299
5870;Jabón Líquido en Gel Tododia Mora Roja y Jabuticaba 300ml;Tododia;Cuerpo y baño;509
5894;Repuesto Jabón Líquido en Gel Tododia Mora Roja y Jabuticaba 300 Ml;Tododia;Cuerpo y baño;307
7977;Repuesto Perfume Essencial Masculino 100 Ml;Essencial;Perfumería;2139
7978;Repuesto Perfume Essencial Femenino 100 Ml;Essencial;Perfumería;2139
7979;Repuesto Perfume Essencial Exclusivo Masculino 100 Ml;Essencial;Perfumería;2139
9467;Colonia Biografia Caminos femenino 100 ml;Biografia;Perfumería;1469
9468;Colonia Biografia Caminos masculino 100 ml;Biografia;Perfumería;1469
11681;Repuesto Perfume Essencial Exclusivo Femenino 100 Ml;Essencial;Perfumería;2139
11682;Repuesto Perfume Essencial Oud Femenino 100 Ml;Essencial;Perfumería;2219
11683;Repuesto Perfume Essencial Oud Masculino 100 Ml;Essencial;Perfumería;2219
15825;Base Primer 3d Gel Una;Una;Maquillaje;359
15826;Top Coat 3d Gel Una 8 Ml;Una;Maquillaje;399
16641;Esponja de maquillaje Color Blend;Natura;Maquillaje;319
16870;Desodorante Hidratante Corporal Perfumado Essencial 200 G;Essencial;Cuerpo y baño;1079
16871;Desodorante Hidratante Corporal Perfumado Essencial Exclusivo 200 G;Essencial;Cuerpo y baño;1349
16872;Desodorante Hidratante Corporal Perfumado Essencial Oud 200 G;Essencial;Cuerpo y baño;1349
16873;Desodorante Hidratante Perfumado Corporal Essencial Supreme 200g;Essencial;Cuerpo y baño;1079
17049;Perfume Essencial Oud Vanilla Femenino 100 Ml;Essencial;Perfumería;2899
17052;Perfume Essencial Oud Vanilla Masculino 100 Ml;Essencial;Perfumería;2899
18887;Essencial Oud Pimenta Perfume Femenino 100 Ml;Essencial;Perfumería;2899
18888;Essencial Oud Pimenta Perfume Masculino 100 Ml;Essencial;Perfumería;2899
18978;Repuesto Jabón Líquido en Gel Tododia Cereza y Avellana 300 Ml;Tododia;Cuerpo y baño;307
18979;Crema Nutritivo para Os Pies Tododia Cereza y Avellana 50 Ml;Tododia;Cuerpo y baño;399
19904;Crema Hidratante para As Manos Ekos Tukuma 75 G;Ekos;Cuerpo y baño;599
19949;Repuesto Jabón Líquido Exfoliante Corporal Ekos Tukuma 185 Ml;Ekos;Cuerpo y baño;406
23154;Crema Desodorante Nutritivo para el Cuerpo Tododia Mora Roja y Jabuticaba 200 Ml;Tododia;Cuerpo y baño;569
23218;Crema Desodorante Nutritivo para el Cuerpo Tododia Cereza y Avellana 200 Ml;Tododia;Cuerpo y baño;569
24865;Repuesto Iluminador Marmolado Cuerpo y Rostro;Lumina;Maquillaje;699
26384;Jabón Puro Vegetal Cremoso Hierba Dulce 3 unidad De 90 G Cada;Natura;Cuerpo y baño;319
26441;Jabón Cremoso para As Manos Hierba Dulce 250 Ml;Natura;Cuerpo y baño;639
27263;Perfume Essencial Mirra Masculino 100 Ml;Essencial;Perfumería;2899
27264;Perfume Essencial Mirra Femenino 100 Ml;Essencial;Perfumería;2899
27730;Alcool Gel Antisseptico para As Manos Hierba Dulce 70 Inpm 45g;Natura;Cuerpo y baño;289
28175;Repuesto Jabón Cremoso para As Manos Hierba Dulce 250 Ml;Natura;Cuerpo y baño;239
30410;Colonia Sr N Masculino 100 Ml;Natura;Perfumería;1699
34089;Jabón Sortido Puro Vegetal Hierba Dulce 4 unidad De 90 G Cada;Natura;Cuerpo y baño;409
34262;Marcador Delineadora para Ojos Una 1 Ml;Una;Maquillaje;749
41795;Colonia Kriska Femenino 100 Ml;Kriska;Perfumería;1189
44452;Colonia Luna 75 Ml;Luna;Perfumería;1859
53255;Colonia Natura Hombre Masculino 100 Ml;Natura Hombre;Perfumería;2149
54522;Perfume Ilia Femenino 50 Ml;Ilía;Perfumería;1399
55104;Pincel Pro Base Líquida Una 1 unidad;Una;Maquillaje;599
55105;Pincel Pro Po Compacto Una 1 unidad;Una;Maquillaje;799
55107;Pincel Pro Labios Una 1 unidad;Una;Maquillaje;349
56417;Colonia Luna Absoluta Femenino 75 Ml;Luna;Perfumería;1246
57525;Perfume Kaiak K Masculino 100 Ml;Kaiak;Perfumería;2999
58406;Pincel Pro Duo Fibras Una 1 unidad;Una;Maquillaje;699
59313;Primer Blur Una 30 Ml;Una;Maquillaje;899
59847;Perfume Natura Hombre Essence 100 Ml;Natura Hombre;Perfumería;2449
69720;Jabón en Gel Limpieza Purificante Antioleosidad Chronos Derma 130 G;Chronos Derma;Rostro;850
69725;Protector Antioleosidad Reductor De Poros Fps 30 Fpuva 10 Chronos Derma 50 Ml;Chronos Derma;Rostro;1050
69817;Crema Hidratante para Os Pies Ekos Castaña;Ekos;Cuerpo y baño;599
69825;Pulpa Exfoliante para el Cuerpo Ekos Castaña 200 G;Ekos;Cuerpo y baño;959
70388;Repuesto Jabón Líquido para Manos Maracuyá Ekos 250 Ml;Ekos;Cuerpo y baño;519
70389;Repuesto Jabón Líquido para Manos Castaña Ekos 250 Ml;Ekos;Cuerpo y baño;519
70390;Repuesto Jabón Líquido para Manos Ekos Pitanga 250 Ml;Ekos;Cuerpo y baño;519
70392;Repuesto Ekos Jabón Líquido Exfoliante Maracuyá;Ekos;Cuerpo y baño;406
70393;Repuesto Jabón Líquido Corporal Ekos Andiroba 195 Ml;Ekos;Cuerpo y baño;406
70394;Repuesto Jabón Líquido para Cuerpo Ekos Pitanga 195ml;Ekos;Cuerpo y baño;406
70397;Jabón Líquido Exfoliante para Cuerpo Ekos Pitanga 185ml;Ekos;Cuerpo y baño;406
70401;Jabón Líquido para Manos Ekos Maracuyá 250 Ml;Ekos;Cuerpo y baño;699
70402;Jabón Líquido para Manos Ekos Castaña 250 Ml;Ekos;Cuerpo y baño;699
70403;Jabón Líquido para Manos Ekos Pitanga 250 Ml;Ekos;Cuerpo y baño;699
70405;Jabón Líquido Exfoliante para el Cuerpo Ekos Maracuyá 185 Ml;Ekos;Cuerpo y baño;559
70406;Jabón Líquido Corporal Ekos Andiroba 195 Ml;Ekos;Cuerpo y baño;559
70407;Jabón Líquido para el Cuerpo Ekos Pitanga 195 Ml;Ekos;Cuerpo y baño;559
70410;Jabón Líquido para el Cuerpo Ekos Maracuyá 195 Ml;Ekos;Cuerpo y baño;559
70983;Crema Hidratante para As Manos Ekos Castaña 75 G;Ekos;Cuerpo y baño;599
70995;Colonia Humor Quimica 75 Ml;Humor;Perfumería;1649
70996;Colonia Humor Alquimia 75 Ml;Humor;Perfumería;1649
71601;Colonia Biografia Masculino 100 Ml;Biografia;Perfumería;2099
71603;Colonia Biografia Assinatura Masculino 100 Ml;Biografia;Perfumería;2099
71663;Estojo Rosa Metalizado Una;Una;Cuerpo y baño;649
71766;Colonia Sintonia Natura Classico Masculino 100 Ml;Natura;Perfumería;2199
71770;Perfume Natura Hombre Dom 100 Ml;Natura Hombre;Perfumería;2449
71773;Colonia Sintonia Impacto Masculino 100 Ml;Natura;Perfumería;2199
72468;Perfume K Max Masculino 100 Ml;Natura;Perfumería;2999
73214;Fluido De Massagem para el Cuerpo Ekos Andiroba 100 G;Ekos;Cuerpo y baño;769
75233;Aceite para Gestante con Guias De Massagem Mamá y Bebé 200 Ml;Mamá y Bebé;Infantil;1099
75234;Aceite con Guias De Massagem No Bebé Mamá y Bebé 100 Ml;Mamá y Bebé;Infantil;659
75493;Aceite Bifásico Desodorante Corporal Ekos Tukuma 200 Ml;Ekos;Cuerpo y baño;999
75505;Repuesto Aceite Bifásico Desodorante Corporal Ekos Tukuma 200 Ml;Ekos;Cuerpo y baño;639
76420;Perfume Essencial Masculino 100 Ml;Essencial;Perfumería;2799
76421;Perfume Essencial Femenino 100 Ml;Essencial;Perfumería;2799
76422;Perfume Essencial Exclusivo Masculino 100 Ml;Essencial;Perfumería;2799
76423;Perfume Essencial Exclusivo Femenino 100 Ml;Essencial;Perfumería;2799
76424;Perfume Essencial Oud Masculino 100 Ml;Essencial;Perfumería;2899
76425;Perfume Essencial Oud Femenino 100 Ml;Essencial;Perfumería;1739
80967;Crema Hidratante para As Manos Ekos Maracuyá 75 G;Ekos;Cuerpo y baño;599
81951;Perfume Natura Hombre Sagaz 100 Ml;Natura Hombre;Perfumería;1699
83314;Perfume Ilia Secreto Femenino 50 Ml;Ilía;Perfumería;1499
85389;Gel Post Barba Sr N 75 G;Natura;Cuerpo y baño;499
85400;Crema De Afeitar Espumante Sr N 80g;Natura;Cuerpo y baño;399
86013;Jabón Líquido en Gel Tododia Romero y Salvia 300 Ml;Tododia;Cuerpo y baño;509
86329;Repuesto Jabón Líquido en Gel Tododia Romero y Salvia 300ml;Tododia;Cuerpo y baño;307
86723;Colonia Humor Primeiro 75 Ml;Humor;Perfumería;1649
86725;Colonia Humor A Dois 75 Ml;Humor;Perfumería;1649
86727;Colonia Humor Proprio 75 Ml;Humor;Perfumería;1319
86728;Colonia Humor y Paz 75 Ml;Humor;Perfumería;1649
86935;Perfume Luna Intensa 50 Ml;Luna;Perfumería;2199
87516;Repuesto Crema Desodorante Nutritivo para el Cuerpo Tododia Mora Roja y Jabuticaba 400 Ml;Tododia;Cuerpo y baño;471
88103;Crema Desodorante Nutritivo para el Cuerpo Tododia Mora Roja y Jabuticaba 400 Ml;Tododia;Cuerpo y baño;549
89834;Perfume Natura Hombre Coragio 100 Ml;Natura Hombre;Perfumería;2299
91819;Repuesto Hidratante Acqua Renovador Chronos Derma 40 G;Chronos Derma;Rostro;1440
91849;Hidratante Acqua Renovador Chronos Derma 40 G;Chronos Derma;Rostro;1790
92786;Mamá y Bebé Agua De Colonia 100 Ml;Mamá y Bebé;Infantil;1069
92788;Agua De Colonia Relaxante Mamá y Bebé 100 Ml;Mamá y Bebé;Infantil;1069
92790;Shampoo Mamá Bebé 200 Ml;Natura;Infantil;479
92791;Repuesto Shampoo Mamá y Bebé 200 Ml;Mamá y Bebé;Infantil;389
92793;Acondicionador Mamá y Bebé 200 Ml;Mamá y Bebé;Infantil;383
92794;Repuesto Acondicionador Suave Mamá y Bebé 200 Ml;Mamá y Bebé;Infantil;389
92795;Jabón Mamá y Bebé 5 unidad De 100 G Cada;Mamá y Bebé;Infantil;465
92798;Lencos Umedecidos con Fragancia Mamá y Bebé 50 Folhas;Mamá y Bebé;Infantil;369
92799;Lencos Umedecidos sin Fragancia Mamá y Bebé 50 Folhas;Mamá y Bebé;Infantil;369
92800;Jabón Líquido Da Cabeca Aos Pies Mamá y Bebé 200 Ml;Mamá y Bebé;Infantil;529
92802;Repuesto Jabón Líquido Da Cabeca Aos Pies 200 Ml;Natura;Cuerpo y baño;399
92804;Hidratante Mamá y Bebé 200 Ml;Mamá y Bebé;Infantil;699
92806;Hidratante Relaxante Mamá y Bebé 200 Ml;Mamá y Bebé;Infantil;699
92808;Locao Hidratante Preventiva De Estrias Mamá y Bebé 200 Ml;Mamá y Bebé;Infantil;929
92952;Jabón en Espuma Relaxante Mamá y Bebé 200 Ml;Mamá y Bebé;Infantil;599
95035;Fluido De Massagem para el Cuerpo Ekos Maracuyá 100 G;Ekos;Cuerpo y baño;769
95133;Crema Hidratante para As Manos Ekos Castaña 40 G;Ekos;Cuerpo y baño;419
95560;Perfume Essencial Supreme Masculino 100 Ml;Essencial;Perfumería;2799
95563;Perfume Essencial Supreme Femenino 100 Ml;Essencial;Perfumería;2799
95757;Delineador Matte Peel Off Una 3ml;Una;Maquillaje;749
95843;Jabón Líquido en Gel Tododia Cereza y Avellana 300 Ml;Tododia;Cuerpo y baño;509
95947;Colonia Humor Beija Eu 75 Ml;Humor;Perfumería;1149
95949;Colonia Humor Me Beija 75 Ml;Humor;Perfumería;1149
97153;Desodorante Hidratante Corporal Perfumado Luna 300 Ml;Luna;Cuerpo y baño;959
97168;Repuesto Desodorante Hidratante Corporal Perfumado Luna 300 Ml;Luna;Cuerpo y baño;669
97169;Desodorante Hidratante Corporal Perfumado Luna Radiante 300 Ml;Luna;Cuerpo y baño;959
97170;Repuesto Desodorante Hidratante Corporal Perfumado Luna Radiante 300 Ml;Luna;Cuerpo y baño;669
97171;Desodorante Hidratante Corporal Perfumado Luna Absoluta 300 Ml;Luna;Cuerpo y baño;959
97172;Repuesto Desodorante Hidratante Corporal Perfumado Luna Absoluta 300 Ml;Luna;Cuerpo y baño;669
97269;Crema Hidratante para As Manos Ekos Acai 75 G;Ekos;Cuerpo y baño;599
97427;Aceite Trifásico Desodorante Corporal Ekos Andiroba 200 Ml;Ekos;Cuerpo y baño;999
97428;Aceite Trifásico Desodorante Corporal Ekos Maracuyá 200 Ml;Ekos;Cuerpo y baño;999
97431;Repuesto Aceite Trifásico Desodorante Corporal Ekos Maracuyá 200 Ml;Ekos;Cuerpo y baño;799
97433;Repuesto Aceite Trifásico Desodorante Corporal Ekos Andiroba 200 Ml;Ekos;Cuerpo y baño;799
97955;Crema Preventivo De Assaduras Mamá y Bebé 60 G;Mamá y Bebé;Infantil;499
98941;Repuesto Desodorante Hidratante Corporal Perfumado Essencial 200 G;Essencial;Cuerpo y baño;999
98942;Repuesto Desodorante Hidratante Corporal Perfumado Essencial Exclusivo 200 G;Essencial;Cuerpo y baño;999
98943;Repuesto Desodorante Hidratante Corporal Perfumado Essencial Oud 200 G;Essencial;Cuerpo y baño;999
99137;Crema Desodorante Nutritivo para el Cuerpo Tododia Cereza y Avellana 400 Ml;Tododia;Cuerpo y baño;789
99159;Perfume Natura Hombre Tato 100 Ml;Natura Hombre;Perfumería;2449
99818;Crema Desodorante Nutritivo para el Cuerpo Tododia Ciruela y Flor De Vainilla 400 Ml;Tododia;Cuerpo y baño;789
100383;Repuesto Crema Nutritivo para el Cuerpo Tododia Ciruela y Flor De Vainilla 400 Ml;Tododia;Cuerpo y baño;471
100526;Jabón Líquido en Gel Tododia Ciruela y Flor De Vainilla 300 Ml;Tododia;Cuerpo y baño;509
100528;Repuesto Jabón Líquido en Gel Tododia Ciruela y Flor De Vainilla 300 Ml;Tododia;Cuerpo y baño;249
100605;Repuesto Crema Desodorante Nutritivo para el Cuerpo Tododia Cereza y Avellana 400 Ml;Tododia;Cuerpo y baño;471
100679;Body Splash Colonia Tododia Ciruela y Flor De Vainilla 200 Ml;Tododia;Perfumería;675
101036;Duo Superbrilho Faces;Faces;Cuerpo y baño;339
102039;Desodorante Hidratante Corporal Perfumado Luna Confiante 300 Ml;Luna;Cuerpo y baño;959
102395;Shampoo para Cabello Lisos y Ondulados Naturé 250 Ml;Naturé;Infantil;389
102396;Repuesto Shampoo para Cabello Lisos y Ondulados Naturé 250 Ml;Naturé;Infantil;260
102397;Acondicionador para Cabello Lisos y Ondulados Naturé 250 Ml;Naturé;Infantil;449
102398;Repuesto Acondicionador para Cabello Lisos y Ondulados Naturé 250 Ml;Naturé;Infantil;295
102400;Shampoo Cabello Rizados y Crespos Naturé 250 Ml;Naturé;Infantil;389
102401;Repuesto Shampoo Cabello Rizados y Crespos Naturé 250 Ml;Naturé;Infantil;309
102402;Acondicionador Cabello Rizados y Crespos Naturé 250 Ml;Naturé;Infantil;449
102403;Repuesto Acondicionador Cabello Rizados y Crespos Naturé 250 Ml;Naturé;Infantil;349
102404;Crema para Peinar Cabello Rizados y Crespos Naturé 250 Ml;Naturé;Infantil;509
102405;Repuesto Crema para Peinar Cabello Rizados y Crespos Naturé 250 Ml;Naturé;Infantil;409
102406;Shampoo 2 en 1 Natura Naturé 250 Ml;Naturé;Infantil;469
102407;Repuesto Shampoo 2 en 1 Naturé 250 Ml;Naturé;Infantil;369
102412;Colonia Naturé Pula Corda 100 ml;Naturé;Infantil;699
102417;Jabón Líquido Natura Naturé 250 Ml;Naturé;Infantil;379
102418;Repuesto Jabón Líquido Naturé 250 Ml;Naturé;Infantil;199
102419;Perfume Ilia Ser Femenino 50 Ml;Ilía;Perfumería;1999
102420;Repuesto Desodorante Hidratante Corporal Luna Confiante 300 Ml;Luna;Cuerpo y baño;535
102422;Colonia Humor Liberta 75 Ml;Humor;Perfumería;1649
103348;Perfume Essencial Unico Masculino 90 Ml;Essencial;Perfumería;2196
103349;Perfume Essencial Unico Femenino 90 Ml;Essencial;Perfumería;2196
103839;Repuesto Jabón Líquido Exfoliante Corporal Ekos Acai 185 Ml;Ekos;Cuerpo y baño;406
105713;Pincel Pro Iluminador Una;Lumina;Maquillaje;549
105714;Pincel Pro Corretivo Una;Una;Maquillaje;499
105715;Pincel Pro Esfumador Una;Una;Maquillaje;389
105716;Pincel Pro Precisao Una;Una;Maquillaje;389
105717;Pincel Pro Sobrancelhas Una;Una;Maquillaje;369
106020;Set Tododia Cereza y Avellana crema corporal y repuesto;Tododia;Regalos;888
106122;Mascara para Pestañas Alongamento Infinito A Prova D’Agua Una 8 Ml;Una;Maquillaje;899
106418;Repuesto Hidratante Mamá y Bebé 200 Ml;Mamá y Bebé;Infantil;542
106421;Colonia Catavento Natura Naturé 100 Ml;Naturé;Infantil;999
106422;Jabón Líquido sin Fragancia Da Cabeca Aos Pies Mamá y Bebé 200 Ml;Mamá y Bebé;Infantil;529
106423;Hidratante sin Fragancia Mamá y Bebé 200 Ml;Mamá y Bebé;Infantil;699
106496;Hidratante Corporal Natura Naturé 125 Ml;Naturé;Infantil;429
107121;Repuesto Perfume Essencial Unico Femenino 90 Ml;Essencial;Perfumería;2289
107122;Repuesto Perfume Essencial Unico Masculino 90 Ml;Essencial;Perfumería;2289
108307;Set de acondicionador y jabones en barra;Natura;Regalos;1019
108400;Colonia Kaiak Masculino 100 Ml;Kaiak;Perfumería;1899
108401;Colonia Kaiak Urbe Masculino 100 Ml;Kaiak;Perfumería;1899
108402;Colonia Kaiak Aventura Masculino 100 Ml;Kaiak;Perfumería;1899
108403;Colonia Kaiak Pulso Masculino 100 Ml;Kaiak;Perfumería;1899
108405;Colonia Kaiak Oceano Masculino 100 Ml;Kaiak;Perfumería;1899
108407;Colonia Kaiak Femenino 100 Ml;Kaiak;Perfumería;1899
108408;Colonia Kaiak Aventura Femenino 100 Ml;Kaiak;Perfumería;1899
108410;Colonia Kaiak Oceano Femenino 100 Ml;Kaiak;Perfumería;1899
108876;Shampoo Cabello y Cuerpo Kaiak Masculino 200 Ml;Kaiak;Cabello;349
108877;Hidratante corporal Kaiak masculino 150 ml;Kaiak;Cuerpo y baño;499
108878;Desodorante Hidratante Corporal Kaiak Femenino 150 Ml;Kaiak;Cuerpo y baño;389
109002;Pincel Pro Base Cremosa Una;Una;Maquillaje;699
109482;Spray Post Barba Kaiak 150 Ml;Kaiak;Cuerpo y baño;599
110281;Jabón Líquido en Gel Tododia Romero y Salvia 390 G;Tododia;Cuerpo y baño;599
110644;Repuesto Aceite Trifásico Desodorante Corporal Ekos Acai 200 Ml;Ekos;Cuerpo y baño;799
112760;Repuesto Shampoo Ekos Murumuru 300 Ml;Ekos;Cabello;459
112762;Repuesto Acondicionador Ekos Murumuru 300 Ml;Ekos;Cabello;479
112766;Repuesto Shampoo Ekos Pataua;Ekos;Cabello;459
112768;Repuesto Acondicionador Ekos Pataua;Ekos;Cabello;479
112770;Crema para Peinar Multibeneficios Ekos Murumuru 150 Ml;Ekos;Cabello;329
112771;Mascara Reconstrutora Ekos Murumuru 200 G;Ekos;Cuerpo y baño;849
112776;Tonico Nocturno De Crescimento Ekos Pataua 30 Ml;Ekos;Cuerpo y baño;559
112777;Mascara Fortalecedora Ekos Pataua 200 G;Ekos;Cuerpo y baño;849
112788;Jabón en Barra Naturé Quadradinhos 5 unidad De 90 G;Naturé;Infantil;479
112892;Serum Nocturno Nutritivo Ekos Murumuru 30 Ml;Ekos;Cuerpo y baño;799
113150;Mascara Pre Shampoo Ekos Murumuru 100 G;Ekos;Cabello;649
113243;Shampoo Ekos Murumuru 300 Ml;Ekos;Cabello;599
113244;Acondicionador Ekos Murumuru 300 Ml;Ekos;Cabello;629
113245;Acondicionador Ekos Pataua 300 Ml;Ekos;Cabello;629
113403;Jabón Líquido Cremoso para el Cuerpo Tododia Algodón 300 Ml;Tododia;Cuerpo y baño;339
113404;Jabón Líquido Cremoso para el Cuerpo Tododia Macadamia 300 Ml;Tododia;Cuerpo y baño;509
113406;Repuesto Jabón Líquido Cremoso para el Cuerpo Tododia Algodón 300 Ml;Tododia;Cuerpo y baño;249
113407;Repuesto Jabón Líquido Cremoso para el Cuerpo Tododia Macadamia 300 Ml;Tododia;Cuerpo y baño;307
113409;Shampoo Ekos Pataua 300 Ml;Ekos;Cabello;599
114583;Perfume Essencial Ato Femenino 100 Ml;Essencial;Perfumería;2799
114584;Perfume Essencial Ato Masculino 100 Ml;Essencial;Perfumería;2799
114585;Repuesto Perfume Essencial Ato Femenino 100 Ml;Essencial;Perfumería;2139
114586;Repuesto Perfume Essencial Ato Masculino 100 Ml;Essencial;Perfumería;2139
115463;Colonia Luna Coragem Femenino 75 Ml;Luna;Perfumería;1859
115658;Desodorante Hidratante Corporal Luna Coragem 300 Ml;Luna;Cuerpo y baño;959
115659;Repuesto Desodorante Hidratante Corporal Luna Coragem 300 Ml;Luna;Cuerpo y baño;535
120195;Conjunto Jabón en Barra con Saboneteira Kaiak;Kaiak;Cuerpo y baño;719
121958;Crema Nuvem Relaxante para el Cuerpo Tododia Toda Noche 200 Ml;Tododia;Cuerpo y baño;849
121961;Repuesto Crema Nocturno para el Cuerpo Tododia Toda Noche 400 Ml;Tododia;Cuerpo y baño;471
121965;Jabón en Barra Massageador Tododia Toda Noche 2 unidad De 80 G;Tododia;Cuerpo y baño;209
121966;Spray De Ambientes Tododia Toda Noche 200 Ml;Tododia;Hogar;899
121967;Crema Nocturno para el Cuerpo Tododia Toda Noche 200 Ml;Tododia;Cuerpo y baño;569
121968;Concentrado Relaxante Tododia Toda Noche 800 Mg;Tododia;Cuerpo y baño;699
121970;Crema Nocturno para el Cuerpo Tododia Toda Noche 400 Ml;Tododia;Cuerpo y baño;549
122470;Perfume Ilia Completa Femenino 50 Ml;Ilía;Perfumería;1999
122474;Perfume Luna Ilumina 50 Ml;Lumina;Perfumería;2199
122484;Pulpa Hidratante para As Manos Ekos Andiroba 75 G;Ekos;Cuerpo y baño;599
122499;Aceite Fortalecedor Finalizador Ekos Pataua 60 Ml;Ekos;Cuerpo y baño;899
122928;Colonia Humor Transforma 75 Ml;Humor;Perfumería;1649
123735;Balsamo Concentrado para el Cuerpo Ekos Tukuma 200 G;Ekos;Cuerpo y baño;979
124393;Jabón en Barra Cremoso y Exfoliante Puro Vegetal Ekos Maracuyá 4 unidad De 100 G;Ekos;Cuerpo y baño;459
124395;Jabón en Barra Puro Vegetal Ekos Acai 4 unidad De 100 G;Ekos;Cuerpo y baño;459
125366;Perfume Natura Hombre Elo 100 Ml;Natura Hombre;Perfumería;2449
125798;Repuesto Spray De Ambientes Tododia Toda Noche 200 Ml;Tododia;Hogar;503
125947;Colonia Kaiak O2 Femenino 100 Ml;Kaiak;Perfumería;1899
125949;Colonia Kaiak O2 Masculino 100 Ml;Kaiak;Perfumería;1899
127754;Serum Chronos Derma Intensivo para Bolsas y Ojeras 15 Ml;Chronos Derma;Rostro;1890
128615;Colonia Luna Ousadia Femenino 75 Ml;Luna;Perfumería;1859
128756;Una Blush Perfume 75 Ml;Una;Maquillaje;2441
128757;Colonia Corre Corre Natura Naturé 100 Ml;Naturé;Infantil;999
128758;Colonia Pula Pula Natura Naturé 100 Ml;Naturé;Infantil;999
129617;Repuesto Desodorante Hidratante Corporal Luna Ousadia 300 Ml;Luna;Cuerpo y baño;669
129620;Desodorante Hidratante Corporal Luna Ousadia 300 Ml;Luna;Cuerpo y baño;959
129745;Bolsa Plegable Crer para Ver;Natura;Cuerpo y baño;665
129797;Jabón en Barra Puro Vegetal Exfoliante Ekos 4 unidad De 100 G;Ekos;Cuerpo y baño;459
129799;Jabón en Barra Puro Vegetal Cremoso y Exfoliante Refrescante Ekos 4 unidad De 100 G;Ekos;Cuerpo y baño;459
131462;Colonia Humor Festival 75 Ml;Humor;Perfumería;1649
131465;Colonia Humor Conexao 75 Ml;Humor;Perfumería;1649
133503;Agua Micelar Desmaquillante Suave Chronos Derma 150 Ml;Chronos Derma;Rostro;629
133863;Deo Colonia Ekos Ryo Chuva 75 Ml;Ekos;Perfumería;1399
133865;Deo Colonia Ekos Ryo Vivo 75 Ml;Ekos;Perfumería;1999
133875;Set Crema Desodorante Nutritivo para el Cuerpo Tododia Ciruela y Flor De Vainilla 2 Unidades;Tododia;Regalos;899
134189;Multiprotetor antiedad Fps 50 Chronos 50 Ml;Chronos Derma;Rostro;859
134574;Jabón en Barra Puro Vegetal Cremoso y Exfoliante Ekos 4 unidad De 100 G;Ekos;Cuerpo y baño;413
134575;Jabón en Barra Puro Vegetal Cremoso Ekos 4 unidad De 100 G;Ekos;Cuerpo y baño;434
134586;Jabón en Mousse Limpieza Intensiva Chronos Derma 85 G;Chronos Derma;Rostro;850
135043;Esencia De Tratamiento Revitalizacao y Luminosidade Chronos Derma 100 Ml;Chronos Derma;Rostro;1209
135057;Triplo Exfoliante Peeling antiedad Chronos Derma 50 G;Chronos Derma;Rostro;850
135060;Jabón en Espuma Limpieza Suave Chronos Derma 150 Ml;Chronos Derma;Rostro;539
137976;Fluido Bifásico Desmaquillante Intensivo Chronos Derma 150 Ml;Chronos Derma;Rostro;659
139243;Repuesto Concentrado Corporal en Crema Ekos Castaña 30ml;Ekos;Cuerpo y baño;605
140028;Shampoo A Seco Lumina 10 G;Lumina;Cabello;899
140595;Desodorante Hidratante Corporal Perfumado Una Artisan;Una;Cuerpo y baño;1349
140682;Exfoliante en Po para el Cuerpo Ekos Acai 100 G;Ekos;Cuerpo y baño;959
140742;Serum para Sobrancelhas Una 4 G;Una;Cuerpo y baño;699
140759;Exfoliante en Crema para el Cuerpo Tododia Macadamia;Tododia;Cuerpo y baño;509
145489;Tonico Capilar Anticaída Natura Hombre 100 Ml;Natura Hombre;Cabello;727
146473;Repuesto Naturé Corre Corre 100 Ml;Naturé;Infantil;799
146474;Repuesto Naturé Pula Pula 100 Ml;Naturé;Infantil;799
147401;Acondicionador Suave Antioleosidad Lumina 300 Ml;Lumina;Cabello;599
147402;Repuesto Acondicionador Protector Hidratación y Protección Antipolución Lumina;Lumina;Cabello;429
147404;Shampoo Detox Capilar Lumina 300 Ml;Lumina;Cabello;539
147406;Repuesto Crema De Peinar Selador De Cuticulas Cabello Secos Ou Resecos Lumina;Lumina;Cabello;459
147408;Repuesto Shampoo Reequilibrante Anticaspa Lumina;Lumina;Cabello;419
147410;Repuesto Acondicionador Polinutricao para Cabello Secos Ou Resecos Lumina;Lumina;Cabello;429
147411;Shampoo Nutritivo para Cabello Secos Ou Resecos Lumina 300 Ml;Lumina;Cabello;539
147412;Repuesto Shampoo Nutritivo para Cabello Secos Ou Resecos Lumina;Lumina;Cabello;399
147414;Repuesto Shampoo Purificante Hidratación y Protección Antipolución Lumina;Lumina;Cabello;399
147416;Shampoo Purificante Lumina para Hidratación y Protección Antipolución 300 Ml;Lumina;Cabello;539
147418;Mascara Reparadora para Cabello Secos Ou Resecos Lumina 250 Ml;Lumina;Cabello;799
147420;Shampoo Reequilibrante Anticaspa Lumina 300 Ml;Lumina;Cabello;569
147434;Spray De Peinar Lumina para Hidratación y Protección Antipolución 150 Ml;Lumina;Cabello;829
147439;Aceite Leve Reparador para Cabello Secos Ou Resecos Lumina 100 Ml;Lumina;Cabello;829
147440;Acondicionador Polinutricao para Cabello Secos Ou Resecos Lumina 300 Ml;Lumina;Cabello;569
147442;Repuesto Shampoo Equilibrante Antioleosidad Lumina;Lumina;Cabello;419
147445;Repuesto Acondicionador Suave Antioleosidad Lumina;Lumina;Cabello;449
147446;Acondicionador Protector Lumina para Hidratación y Protección Antipolución 300 Ml;Lumina;Cabello;569
147447;Repuesto Mascara Reparadora para Cabello Secos Ou Resecos Lumina;Lumina;Cabello;599
147448;Ampola Reparación Instantanea para Cabello Secos Ou Resecos Lumina 4 unidad De 20 Ml;Lumina;Cabello;829
147449;Shampoo Equilibrante Antioleosidad Lumina 300 Ml;Lumina;Cabello;569
147453;Crema De Peinar Selador De Cuticulas Cabello Secos Ou Resecos Lumina 250 Ml;Lumina;Cabello;599
147457;Tonico De Tratamiento Intensivo Anticaspa Lumina 100 Ml;Lumina;Cabello;969
148016;Crema Nutritivo para As Manos Ciruela y Flor De Vainilla 50 Ml;Natura;Cuerpo y baño;399
148157;Repuesto Shampoo Lumina Matizador para Matizacao y Restauración 300 Ml;Lumina;Cabello;399
148158;Shampoo Matizador para Cabello Loiros y Grisalhos Lumina 300 Ml;Lumina;Cabello;539
148159;Ampola Matizacao y Restauración para Cabello Loiros y Grisalhos Lumina 4 unidad De 20 Ml;Lumina;Cabello;829
148161;Shampoo Cremoso para Cabello Rizados Lumina 300 Ml;Lumina;Cabello;539
148162;Repuesto Shampoo Cremoso para Cabello Rizados Lumina 300 Ml;Lumina;Cabello;399
148165;Aceite Multifuncional para Cabello Rizados y Crespos Lumina 100 Ml;Lumina;Cabello;799
148166;Spray De Volume Lumina 150 Ml;Lumina;Cuerpo y baño;829
148167;Esencia Lumina 30 Ml;Lumina;Cuerpo y baño;829
148169;Repuesto Shampoo Hidratante para Cabello Crespos Lumina 300 Ml;Lumina;Cabello;399
148170;Shampoo Reestruturante para Cabello Químicamente Dañados Lumina 300 Ml;Lumina;Cabello;539
148171;Shampoo Hidratante para Cabello Crespos Lumina 300 Ml;Lumina;Cabello;539
148175;Repuesto Shampoo Revitalizante para Cabello Opacos Ou con Coloración Lumina;Lumina;Cabello;399
148176;Shampoo Revitalizante para Cabello Opacos Ou con Coloración Lumina 300 Ml;Lumina;Cabello;539
148177;Repuesto Shampoo Reestruturante para Cabello Químicamente Dañados Lumina;Lumina;Cabello;399
148397;Embalaje redondo para regalo;Natura;Cuerpo y baño;299
148399;Repuesto Acondicionador Provitalidade para Cabello Químicamente Dañados Lumina;Lumina;Cabello;429
148400;Repuesto Acondicionador Nutritivo para Cabello Crespos Lumina 300 Ml;Lumina;Cabello;429
148403;Repuesto Crema De Peinar De Definicao para Cabello Rizados Lumina 300 Ml;Lumina;Cabello;459
148404;Gelatina De Definicao y Brilho para Cabello Rizados y Crespos Lumina 240 G;Lumina;Cabello;599
148405;Repuesto Acondicionador Protector para Cabello Opacos Ou con Coloración Lumina;Lumina;Cabello;429
148406;Repuesto Mascara Recuperadora para Cabello Rizados Lumina 250 Ml;Lumina;Cabello;599
148409;Acondicionador Nutritivo para Cabello Crespos Lumina 300 Ml;Lumina;Cabello;569
148410;Mascara De Blindagem para Cabello Opacos Ou con Coloración Lumina 220 Ml;Lumina;Cabello;799
148411;Acondicionador Hidratante para Cabello Rizados Lumina 300 Ml;Lumina;Cabello;569
148412;Mascara Regeneradora para Cabello Químicamente Dañados Lumina 250 Ml;Lumina;Cabello;799
148413;Repuesto Acondicionador Hidratante para Cabello Rizados Lumina 300 Ml;Lumina;Cabello;429
148415;Acondicionador De Limpieza para Cabello Rizados y Crespos Lumina 300 Ml;Lumina;Cabello;539
148417;Mascara Reconstrutora para Cabello Crespos Lumina 250 Ml;Lumina;Cabello;799
148419;Spray Umidificador Reativador para Cabello Rizados y Crespos Lumina 150 Ml;Lumina;Cabello;829
148421;Serum Regenerador Progressivo para Cabello Químicamente Dañados Lumina 100 Ml;Lumina;Cabello;829
148432;Repuesto Crema De Peinar Ativador para Cabello Crespos Lumina 300 Ml;Lumina;Cabello;459
148433;Acondicionador Protector para Cabello Opacos Ou con Coloración Lumina 300 Ml;Lumina;Cabello;569
148436;Crema De Peinar Ativador para Cabello Crespos Lumina 300 Ml;Lumina;Cabello;599
148437;Crema De Peinar De Definicao para Cabello Rizados Lumina 300 Ml;Lumina;Cabello;599
148439;Repuesto Mascara Reconstrutora para Cabello Crespos Lumina 250 Ml;Lumina;Cabello;300
148440;Mascara Recuperadora para Cabello Rizados Lumina 250 Ml;Lumina;Cabello;799
148441;Repuesto Acondicionador De Limpieza para Cabello Rizados y Crespos Lumina 300 Ml;Lumina;Cabello;251
148442;Acondicionador Provitalidade para Cabello Químicamente Dañados Lumina 300 Ml;Lumina;Cabello;569
148443;Repuesto Mascara Regeneradora para Cabello Químicamente Dañados Lumina;Lumina;Cabello;599
148444;Repuesto Mascara De Blindagem para Cabello Opacos Ou con Coloración Lumina;Lumina;Cabello;599
148448;Set Tratamiento Intensivo para Cabello Químicamente Dañados Lumina;Lumina;Regalos;1499
148449;Spray Antidesbotamento y Brilho para Cabello Opacos Ou con Coloración Lumina 150 Ml;Lumina;Cabello;829
148450;Leave In Matizador para Cabello Loiros y Grisalhos Lumina 150 Ml;Lumina;Cabello;829
148455;Spray Texturizador Lumina 150 Ml;Lumina;Cabello;829
148459;Protector Termico Lumina 150 Ml;Lumina;Cuerpo y baño;829
148477;Eau De Parfum Ekos Pedra 50 Ml;Ekos;Perfumería;3899
148478;Eau De Parfum Ekos Raiz 50 Ml;Ekos;Perfumería;3899
148479;Eau De Parfum Ekos Alma 50 Ml;Ekos;Perfumería;3899
150192;Ekos Ryo Festa 75 Ml;Ekos;Cuerpo y baño;1999
150216;Luna Perfume para Cabello 30 Ml;Luna;Cabello;849
150219;Set Concentrado Corporal en Crema Ekos Castaña;Ekos;Regalos;789
150303;Mascara Reparadora Lumina para Nutrición y Reparación Profunda 50 Ml;Lumina;Cuerpo y baño;339
150304;Mascara Regeneradora Lumina para Reconstrucao De Danos Extremos 50 Ml;Lumina;Cuerpo y baño;339
151018;Shampoo 2 en 1 Natura Hombre 300 Ml;Natura Hombre;Cabello;529
151019;Multicorretor antiedad Natura Hombre 40 G;Natura Hombre;Rostro;1129
151020;Desodorante Hidratante Corporal Natura Hombre;Natura Hombre;Cuerpo y baño;849
151021;Crema para Afeitar Multifuncional Natura Hombre;Natura Hombre;Cuerpo y baño;299
151022;Balm Post Barba Multifuncional Natura Hombre;Natura Hombre;Cuerpo y baño;759
151023;Caja De Jabones en Barra 2 en 1 Cuerpo y Barba Natura Hombre;Natura Hombre;Cuerpo y baño;379
152277;Gel para Afeitar Natura Hombre 75 G;Natura Hombre;Cuerpo y baño;539
152280;Perfume Natura Hombre Nos 100 Ml;Natura Hombre;Perfumería;2449
152283;Repuesto Gel De Bañel Energizante para el Cuerpo Tododia Energia 300 Ml;Tododia;Cuerpo y baño;307
152289;Bruma Facial Energizante Tododia Flor De Jengibre y Tangerina 100 Ml;Tododia;Rostro;529
152290;Repuesto Crema Energizante Corporal 2 en 1 Tododia Energia 400 Ml;Tododia;Cuerpo y baño;471
152297;Gel De Bañel Energizante para el Cuerpo Tododia Energia 300 Ml;Tododia;Cuerpo y baño;509
152298;Crema Energizante Corporal 2 en 1 Tododia Energia 200 Ml;Tododia;Cuerpo y baño;341
152300;Crema Energizante Corporal 2 en 1 Tododia Energia 400 Ml;Tododia;Cuerpo y baño;789
152301;Jabón en Barra Exfoliante Tododia Energia 2 unidad De 90 G;Tododia;Cuerpo y baño;209
152330;Hidratante para Manos y Areas Ressecadas Natura Hombre;Natura Hombre;Cuerpo y baño;409
152331;Aceite para Barba Natura Hombre;Natura Hombre;Cuerpo y baño;819
153720;Bruma Facial Hidratante Fixadora Una 100 Ml;Una;Rostro;749
154849;Caja grande de regalo con imán;Natura;Cuerpo y baño;450
154851;Caja grande de regalo con lazo;Natura;Cuerpo y baño;139
154859;Repuesto Acondicionador Nutritivo Tododia Durazno y Almendra 280 Ml;Tododia;Cabello;231
154860;Repuesto Acondicionador Hidratante Tododia Manzana y Aloe Vera 280 Ml;Tododia;Cabello;231
154861;Repuesto Acondicionador Reparador Tododia Flor De Cereza y Aguacate 280 Ml;Tododia;Cabello;231
154865;Repuesto Shampoo Reparador Tododia Flor De Cereza y Aguacate 300 Ml;Tododia;Cabello;223
154866;Shampoo Hidratante Tododia Manzana Verde y Aloe Vera 300 Ml;Tododia;Cabello;359
154867;Repuesto Shampoo Nutritivo Tododia Durazno y Almendra 300 Ml;Tododia;Cabello;223
154868;Repuesto Shampoo Hidratante Manzana Verde y Aloe Vera 300 Ml;Natura;Cabello;223
154869;Shampoo Nutritivo Tododia Durazno y Almendra 300 Ml;Tododia;Cabello;359
154870;Acondicionador Nutritivo Tododia Durazno y Almendra 280 Ml;Tododia;Cabello;379
154873;Acondicionador Hidratante Tododia Manzana Verde y Aloe Vera 280 Ml;Tododia;Cabello;379
154876;Acondicionador Reparador Tododia Flor De Cereza y Aguacate 280 Ml;Tododia;Cabello;379
155601;Shampoo Reparador Tododia Flor De Cereza y Aguacate 300 Ml;Tododia;Cabello;359
155607;Colonia Kaiak Sonar Masculino 100 Ml;Kaiak;Perfumería;1899
155608;Colonia Kaiak Sonar Femenino 100 Ml;Kaiak;Perfumería;1139
156233;Crema para Peinar Reparador Tododia Flor De Cereza y Aguacate 180 Ml;Tododia;Cabello;359
156234;Repuesto Crema para Peinar Reparador Tododia Flor De Cereza y Aguacate 180 Ml;Tododia;Cabello;223
156235;Spray Hidratante Tododia Manzana Verde y Aloe Vera 200 Ml;Tododia;Cuerpo y baño;459
156236;Repuesto Crema para Peinar Nutritivo Tododia Durazno y Almendra 180 Ml;Tododia;Cabello;223
156237;Crema para Peinar Nutritivo Tododia Durazno y Almendra 180 Ml;Tododia;Cabello;359
156244;Repuesto Naturé Catavento 100 Ml;Naturé;Infantil;799
159710;Repuesto Jabón Líquido Cremoso Corporal Bañel Nas Nuvens Tododia Toda Noche 300 Ml;Tododia;Cuerpo y baño;307
159711;Jabón Líquido Cremoso para el Cuerpo Bañel Nas Nuvens Tododia Toda Noche 300 Ml;Tododia;Cuerpo y baño;509
159952;Espuma De Afeitar Natura Hombre 200 Ml;Natura Hombre;Cuerpo y baño;729
160210;Shampoo Anticaspa Natura Hombre 300 Ml;Natura Hombre;Cabello;463
160216;Shampoo Anticaída Natura Hombre 300 Ml;Natura Hombre;Cabello;579
160264;Shower Gel 4 en 1 Natura Hombre 200 G;Natura Hombre;Cuerpo y baño;609
160273;Jabón Facial Exfoliante Natura Hombre 75 Ml;Natura Hombre;Rostro;639
162087;Jabón en Barra Massageador Puro Vegetal Ekos Andiroba 100 G;Ekos;Cuerpo y baño;299
162090;Exfoliante Termico Ekos Andiroba 100 G;Ekos;Cuerpo y baño;899
162093;Repuesto Pulpa Desodorante Hidratante para el Cuerpo Ekos Andiroba 400 Ml;Ekos;Cuerpo y baño;699
163709;Pulpa Desodorante Hidratante para el Cuerpo Ekos Andiroba 400 Ml;Ekos;Cuerpo y baño;899
164505;Mascara Fuerza y Reparación Molecular Lumina 250 Ml;Lumina;Cuerpo y baño;799
164506;Repuesto Mascara Fuerza y Reparación Molecular 250 Ml;Natura;Cuerpo y baño;599
164508;Serum Nocturno Fuerza y Reparación Molecular Lumina 100 Ml;Lumina;Cuerpo y baño;829
164509;Repuesto Shampoo Fuerza y Reparación Molecular Lumina 300 Ml;Lumina;Cabello;399
164512;Repuesto Acondicionador Fuerza y Reparación Molecular 300 Ml;Natura;Cabello;429
164516;Shampoo Fuerza y Reparación Molecular Lumina 300 Ml;Lumina;Cabello;539
164517;Acondicionador Fuerza y Reparación Molecular Lumina 300 Ml;Lumina;Cabello;569
164518;Protector Termico Fuerza y Reparación Molecular Lumina 150 Ml;Lumina;Cuerpo y baño;829
164824;Gloss Labial Volume Imediato Una Incolor 5 Ml;Una;Maquillaje;599
165384;Po Solto Translucido Matte Una 8 G;Una;Cuerpo y baño;1199
165811;Essencial Atrai Masculino 100 Ml;Essencial;Cuerpo y baño;2799
165813;Essencial Atrai Femenino 100 Ml;Essencial;Cuerpo y baño;1679
165814;Po Solto Translucido Luminoso Una 8 G;Una;Cuerpo y baño;1199
166022;Jabón en Barra Natures Na Natureza 1 Caja 4 unidad De 90 G;Naturé;Infantil;499
166359;Pulpa Desodorante Hidratante para el Cuerpo Ekos Andiroba 200 Ml;Ekos;Cuerpo y baño;699
166870;Shampoo Mamá y Bebé Cachinhos y Crespinhos 200 Ml;Mamá y Bebé;Infantil;479
166871;Acondicionador Mamá y Bebé Cachinhos y Crespinhos 200 Ml;Mamá y Bebé;Infantil;383
167173;Crema para Peinar Mamá y Bebé Cachinhos y Crespinhos 125 Ml;Mamá y Bebé;Infantil;519
167236;Balm Labial Reparador Hidratante Chronos Derma 15 Ml;Chronos Derma;Maquillaje;590
167285;Repuesto Acondicionador Lumina Restaurador para Restauración y Liso Prolongado 300 Ml;Lumina;Cabello;429
167286;Shampoo Lumina Restaurador para Restauración y Liso Prolongado 300 Ml;Lumina;Cabello;539
167288;Spray De Aminoacidos Lumina Pre Secagem para Restauración y Liso Prolongado 150 Ml;Lumina;Cuerpo y baño;829
167289;Mascara Lumina Restauradora para Restauración y Liso Prolongado 250 Ml;Lumina;Cuerpo y baño;799
167291;Acondicionador Lumina Restaurador para Restauración y Liso Prolongado 300 Ml;Lumina;Cabello;569
167294;Repuesto Shampoo Lumina Restaurador para Restauración y Liso Prolongado 300 Ml;Lumina;Cabello;399
167295;Repuesto Mascara Lumina Restauradora para Restauración y Liso Prolongado 250 Ml;Lumina;Cuerpo y baño;599
167755;Perfume Essencial Sentir Masculino 100 Ml;Essencial;Perfumería;2799
167756;Essencial Sentir Femenino 100 Ml;Essencial;Cuerpo y baño;1679
168818;Repuesto Serum Intensivo Preenchedor Hidratante Chronos Derma 30 Ml;Chronos Derma;Rostro;1390
168819;Repuesto Serum Intensivo Lifting y Firmeza Chronos Derma 30 Ml;Chronos Derma;Rostro;1390
169217;Balm Reductor De Arrugas Chronos Derma 15 G;Chronos Derma;Rostro;1150
169222;Serum Intensivo Multimanchas Chronos Derma 30 Ml;Chronos Derma;Rostro;2050
169229;Serum Intensivo Reductor De Oleosidade Chronos Derma 30 Ml;Chronos Derma;Rostro;2050
169233;Serum Intensivo Preenchedor Hidratante Chronos Derma 30 Ml;Chronos Derma;Rostro;2050
169234;Repuesto Super Serum Reductor De Arrugas Chronos Derma 30 Ml;Chronos Derma;Rostro;1690
169235;Repuesto Serum Intensivo Multimanchas Chronos Derma 30 Ml;Chronos Derma;Rostro;1390
169238;Repuesto Super Serum para Ojos Reductor De Arrugas y Flacidez Chronos Derma 15 Ml;Chronos Derma;Rostro;1390
169244;Repuesto Serum Intensivo Reductor De Oleosidade Chronos Derma 30 Ml;Chronos Derma;Rostro;1390
169247;Serum Intensivo Lifting y Firmeza Chronos Derma 30 Ml;Chronos Derma;Rostro;2050
169258;Super Serum para Ojos Reductor De Arrugas y Flacidez Chronos Derma 15 Ml;Chronos Derma;Rostro;1829
169264;Super Serum Reductor De Arrugas Chronos Derma 30 Ml;Chronos Derma;Rostro;2420
169427;Set Miniatura Mamá y Bebé;Mamá y Bebé;Regalos;1060
169821;Colonia Humor Envolve 75 Ml;Humor;Perfumería;1649
170766;Set Lápiz y Marcador Crer para Ver;Natura;Regalos;259
170814;Set de jabones Tododia Amor y Cariñel, 5 Unidades;Tododia;Regalos;389
171109;Repuesto Difusor De Ambientes Hierba Dulce Casa 200 Ml;Natura;Hogar;839
171110;Repuesto Spray De Ambientes Hierba Dulce Casa 200 Ml;Natura;Hogar;559
171114;Pro Palette De Sombras Una;Una;Cuerpo y baño;1359
171123;Spray De Ambientes Hierba Dulce Casa 200 Ml;Natura;Hogar;799
171364;Colonia Luna Divina 75 Ml;Luna;Perfumería;1859
171365;Jabón en Aceite Limpieza Desmaquillante Chronos Derma 125 Ml;Chronos Derma;Rostro;910
171367;Esencia Sublime Lumina 30 Ml;Lumina;Cuerpo y baño;829
172096;Jabón en Aceite Corporal Tododia Jambo Rosa y Flor De Caju 190 Ml;Tododia;Cuerpo y baño;699
172097;Crema Desodorante Nutrición Radiante Tododia Jambo Rosa y Flor De Caju 400 Ml;Tododia;Cuerpo y baño;789
172099;Exfoliante Nutritivo Tododia Jambo Rosa y Flor De Caju 190 G;Tododia;Cuerpo y baño;509
172100;Repuesto Crema Corporal Nutrición Radiante Tododia Jambo Rosa y Flor De Caju 400 Ml;Tododia;Cuerpo y baño;471
172407;Aceite en Crema Ultranutritivo Restaurador Tododia Jambo Rosa y Flor De Caju 200 Ml;Tododia;Cuerpo y baño;849
172410;Geleia Desodorante Iluminadora Tododia Jambo Rosa y Flor De Caju 100 G;Tododia;Maquillaje;599
172411;Manteiga Uniformizadora De Tom Tododia Jambo Rosa y Flor De Caju 200 G;Tododia;Cuerpo y baño;849
173000;Repuesto Desodorante Hidratante Corporal Perfumado Luna Ilumina 200 G;Lumina;Cuerpo y baño;799
173003;Desodorante Hidratante Iluminador Corporal Perfumado Luna Divina 150 Ml;Lumina;Maquillaje;659
173009;Desodorante Hidratante Corporal Perfumado Luna Intensa 200 G;Luna;Cuerpo y baño;1349
173010;Desodorante Hidratante Corporal Perfumado Luna Ilumina 200 G;Lumina;Cuerpo y baño;1349
173014;Repuesto Desodorante Hidratante Corporal Perfumado Luna Intensa 200 G;Luna;Cuerpo y baño;999
173020;Perfume Ilia Jardim Secreto Femenino 50ml;Ilía;Perfumería;1999
173021;Desodorante Hidratante Corporal Perfumado Ilia Jardim Secreto 200g;Ilía;Cuerpo y baño;1079
173581;Crema para Peinar Rizos Tododia Mora y Aceite De Coco 280 Ml;Tododia;Cabello;399
173582;Repuesto Crema para Peinar Crespos Tododia Mora y Aceite De Coco 280 Ml;Tododia;Cabello;299
173583;Spray Reativador Rizos y Crespos Tododia Mora y Aceite De Coco 200 Ml;Tododia;Cuerpo y baño;459
173584;Crema para Peinar Crespos Tododia Mora y Aceite De Coco 280 Ml;Tododia;Cabello;399
173585;Repuesto Shampoo Rizos y Crespos Tododia Mora y Aceite De Coco 300 Ml;Tododia;Cabello;279
173586;Repuesto Crema para Peinar Rizos Tododia Mora y Aceite De Coco 280 Ml;Tododia;Cabello;239
173587;Acondicionador Rizos y Crespos Tododia Mora y Aceite De Coco 280 Ml;Tododia;Cabello;379
173588;Shampoo Rizos y Crespos Tododia Mora y Aceite De Coco 300 Ml;Tododia;Cabello;359
173589;Repuesto Acondicionador Rizos y Crespos Tododia Mora y Aceite De Coco 280 Ml;Tododia;Cabello;231
173590;Gelatina Rizos y Crespos Tododia Mora y Aceite De Coco 240 G;Tododia;Cuerpo y baño;399
174032;Esencia para Cabello Tododia Flor De Ciruela 60 Ml;Tododia;Cabello;499
174187;Repuesto Acondicionador antiedad Regenerador Capilar Lumina 300 Ml;Lumina;Cabello;449
174193;Repuesto Mascara antiedad Regenerador Capilar Lumina 250 Ml;Lumina;Cabello;599
174194;Repuesto Shampoo De Tratamiento antiedad Regenerador Capilar Lumina 300 Ml;Lumina;Cabello;419
174196;Mascara antiedad Regenerador Capilar Lumina 250 Ml;Lumina;Cabello;799
174206;Shampoo De Tratamiento antiedad Regenerador Capilar Lumina 300 Ml;Lumina;Cabello;569
174212;Acondicionador antiedad Regenerador Capilar Lumina 300 Ml;Lumina;Cabello;599
174338;Aceite Trifásico Desodorante Corporal Ekos Castaña 200 Ml;Ekos;Cuerpo y baño;999
174594;Desodorante Hidratante Ekos Acai 250 Ml;Ekos;Cuerpo y baño;743
174595;Repuesto Crema Desodorante Nutritivo para el Cuerpo Tododia Cereza Negra y Praline 400 Ml;Tododia;Cuerpo y baño;471
174612;Crema Amanteigado Corporal Perfumado Tododia Cereza y Avellana 200 Ml;Tododia;Cuerpo y baño;849
174614;Crema Desodorante Nutritivo para el Cuerpo Tododia Cereza Negra y Praline 400 Ml;Tododia;Cuerpo y baño;789
174618;Body Splash Colonia Tododia Cereza Negra y Praline 200 Ml;Tododia;Perfumería;675
174902;Caja grande para regalo con faja;Natura;Cuerpo y baño;139
174918;Balm Labial Tododia Cor Ciruela 2 7 G;Tododia;Maquillaje;215
174921;Mascara para Pestañas Multi Hd Una 9 G;Una;Maquillaje;1169
174922;Balm Labial Tododia Cereza 2 7 G;Tododia;Maquillaje;359
176050;Serum De Prevencao antiedad Regenerador Capilar Lumina 100 Ml;Lumina;Cabello;969
176285;Perfume Natura Hombre Evolut.Io 100 Ml;Natura Hombre;Perfumería;2441
176398;Leave In Densificador antiedad Regenerador Capilar Lumina 150 Ml;Lumina;Cabello;969
176406;Esencia para Cabello Tododia Cereza y Avellana 60 Ml;Tododia;Cabello;499
176440;Natura Crer para Ver Xicara y Pires 1 Unidad;Natura;Cuerpo y baño;399
176444;Tigela Ceramica Crer para Ver 1 Unidad;Natura;Cuerpo y baño;499
176905;Protector solar Facial Piel Normal A Seca Fps 70 Natura solar 50 Ml;Natura;Rostro;1129
176907;Protector solar Infantil Fps 50 Natura solar 200 Ml;Natura;Infantil;1559
176908;Protector solar Corporal Fps 70 Natura solar 200 Ml;Natura;Rostro;1559
176909;Protector solar Facial Piel Mista A Oleosa Fps 50 Natura solar 50 Ml;Natura;Rostro;599
176913;Protector solar Facial Piel Normal A Seca Fps 50 Natura solar 50 Ml;Natura;Rostro;599
176914;Protector solar Corporal Fps 50 Natura solar 200 Ml;Natura;Rostro;1159
177404;Protector solar Bifásico Fps 30 Natura solar 200 Ml;Natura;Cuerpo y baño;1499
178858;Protector solar Facial Stick Fps 50 Natura solar 15 G;Natura;Rostro;1299
178864;Protector solar Corporal Fps 50 Natura solar 120 Ml;Natura;Rostro;1259
178865;Gel Hidratante Post Sol Natura solar 120 G;Natura;Cuerpo y baño;399
178907;Natura Aura Alba 75 Ml;Natura;Cuerpo y baño;3299
179453;Sérum intensivo multimanchas Chronos 10 ml;Chronos Derma;Rostro;659
180310;Crema Aveludado Corporal Natura Aura Alba 200 G;Natura;Cuerpo y baño;1499
182087;Protector solar Corporal Fps 30 Natura solar 200 Ml;Natura;Cuerpo y baño;1359
184469;Set Naturé Refis Cabello Lisos y Ondulados 2 unidad De 250 Ml;Naturé;Regalos;445
184481;Crema Perfumado De Manos Natura Aura Alba 40 G;Natura;Cuerpo y baño;479
184829;Jabones Perfumados en Barra Natura Aura Alba 2 unidad De 90 G;Natura;Cuerpo y baño;499
185782;Set de regalo Natura Mamá y Bebé Momento Té De Bebé 3 Productos;Mamá y Bebé;Regalos;1549
186435;Protector solar Facial Piel Mista A Oleosa Fps 70 Natura solar 50 Ml;Natura;Rostro;1129
187033;Conjunto Mamá y Bebé con Bolsa y Trocador 7 Productos;Mamá y Bebé;Infantil;4899
187034;Conjunto Mamá y Bebé con Frasqueira 4 Productos;Mamá y Bebé;Regalos;2799
187035;Conjunto Papai y Bebé con Mochila y Trocador 7 Productos;Natura;Regalos;4899
187605;Perfume para Cabello Luna Divina 30 Ml;Luna;Cabello;899
187608;Repuesto Aceite Trifásico Desodorante Corporal Ekos Castaña 200 Ml;Ekos;Cuerpo y baño;799
187709;Duo Esencia De Tratamiento Multiclareadora De Manchas y Radiancia Chronos 100ml;Chronos Derma;Rostro;1350
189566;Crema Desodorante Corporal Perfumado Seve Amendoas y Orquidea Negra 200 G;Sève;Cuerpo y baño;1129
189568;Crema Desodorante Corporal Perfumado Seve Amendoas Doces 200 G;Sève;Cuerpo y baño;1129
189571;Crema Veludo para el Cuerpo Tododia Cereza Negra y Praline 250 G;Tododia;Cuerpo y baño;849
189575;Repuesto Crema Aveludado Corporal Natura Aura Alba 200 G;Natura;Cuerpo y baño;990
190899;Jabón en Po Enzimatico Limpieza Uniformizadora Chronos Derma 50 G;Chronos Derma;Rostro;799
192103;Máscara de pestañas Extreme Multibeneficios Una 8 Ml;Una;Maquillaje;1099
192148;Gloss Multifuncional Una Celebrar 7 G;Una;Maquillaje;499
194200;Set Difusor De Ambientes Hierba Dulce Casa 200 Ml;Natura;Regalos;1399
195116;Necessaire Bem Estar Ao Sol Natura solar 1 Unidad;Natura;Cuerpo y baño;607
195636;Bolsa Crossbody Crer para Ver 1 Unidad;Natura;Cuerpo y baño;929
195640;Bolsa Premium Gratidao Crer para Ver 1 Unidad;Natura;Cuerpo y baño;129
195641;Garrafa Crer para Ver;Natura;Cuerpo y baño;269
195642;Caneca Gratidao Crer para Ver 1 Unidad;Natura;Cuerpo y baño;449
195644;Duo Cadernos Crer para Ver;Natura;Cuerpo y baño;247
196323;Repuesto Acondicionador Detox Tododia Té De Menta y Jengibre 280 Ml;Tododia;Cabello;231
196324;Shampoo Detox Tododia Té De Menta y Jengibre 300 Ml;Tododia;Cabello;359
196327;Repuesto Shampoo Detox Tododia Té De Menta y Jengibre 300 Ml;Tododia;Cabello;223
196328;Acondicionador Detox Tododia Té De Menta y Jengibre 280 Ml;Tododia;Cabello;379
197460;Aceite Corporal Natura Aura Alba 200 Ml;Natura;Cuerpo y baño;1299
197576;Set Mamá y Bebé con bolso maternal;Mamá y Bebé;Regalos;4959
199376;Antitranspirante en crema Tododia Piel Uniforme 50 g;Tododia;Cuerpo y baño;199
199377;Desodorante Antitranspirante en Crema Hierba Dulce 50g;Natura;Cuerpo y baño;239
199393;Set de regalo Natura Ekos Cupuacu 4 Jabones;Ekos;Regalos;799
200641;Mascara Lumina Nutrición De Nanoprecisao 250 Ml;Lumina;Cuerpo y baño;799
200643;Repuesto Shampoo Lumina Nutrición De Nanoprecisao 300 Ml;Lumina;Cabello;399
200645;Repuesto Mascara Lumina Nutrición De Nanoprecisao 250 Ml;Lumina;Cuerpo y baño;599
200647;Repuesto Mascara Hidratante Lumina para Hidratación y Protección Antipolución 250 Ml;Lumina;Cuerpo y baño;599
200648;Repuesto Acondicionador Lumina Nutrición De Nanoprecisao 300 Ml;Lumina;Cabello;429
200649;Mascara Hidratante Lumina para Hidratación y Protección Antipolución 250 Ml;Lumina;Cuerpo y baño;799
200656;Shampoo Lumina Nutrición De Nanoprecisao 300 Ml;Lumina;Cabello;539
200658;Acondicionador Brilho Nutrición Lumina 300 Ml;Lumina;Cabello;569
201463;Perfume Natura Hombre Identidad 100 Ml;Natura Hombre;Perfumería;2449
201466;Body Spray Natura Hombre Identidad 200 Ml;Natura Hombre;Cuerpo y baño;999
203317;Colonia Humor + Animo 25 Ml;Humor;Perfumería;999
203333;Colonia Humor + Vibracoes 25 Ml;Humor;Perfumería;999
203348;Colonia Humor + Confianca 25 Ml;Humor;Perfumería;999
203372;Jabón en Barra Puro Vegetal Cremoso Ekos Bañel De Cheiro 4 unidad De 100 G;Ekos;Cuerpo y baño;459
203379;Crema Desodorante Hidratante para el Cuerpo Ekos Castaña 200 Ml;Ekos;Cuerpo y baño;699
203381;Repuesto Crema Desodorante Hidratante para el Cuerpo Ekos Castaña 400 Ml;Ekos;Cuerpo y baño;699
203382;Crema Desodorante Hidratante para el Cuerpo Ekos Maracuyá 200 Ml;Ekos;Cuerpo y baño;699
203383;Crema Desodorante Hidratante para el Cuerpo Ekos Maracuyá 400 Ml;Ekos;Cuerpo y baño;899
203384;Repuesto Crema Desodorante Hidratante para el Cuerpo Ekos Acai 400 Ml;Ekos;Cuerpo y baño;699
203386;Repuesto Crema Desodorante Hidratante para el Cuerpo Ekos Maracuyá 400 Ml;Ekos;Cuerpo y baño;699
203389;Crema Desodorante Hidratante para el Cuerpo Ekos Acai 200 Ml;Ekos;Cuerpo y baño;699
203390;Crema Desodorante Hidratante para el Cuerpo Ekos Tukuma 400 Ml;Ekos;Cuerpo y baño;899
203397;Repuesto Crema Desodorante Hidratante para el Cuerpo Ekos Tukuma 400 Ml;Ekos;Cuerpo y baño;699
203398;Crema Desodorante Hidratante para el Cuerpo Ekos Acai 400 Ml;Ekos;Cuerpo y baño;899
203399;Crema Desodorante Hidratante para el Cuerpo Ekos Tukuma 200 Ml;Ekos;Cuerpo y baño;699
203401;Crema Desodorante Hidratante para el Cuerpo Ekos Castaña 400 Ml;Ekos;Cuerpo y baño;899
203476;Crema Hidratante para As Manos Ekos Cupuacu 75 G;Ekos;Cuerpo y baño;599
203478;Crema Desodorante Hidratante para el Cuerpo Ekos Cupuacu 400 Ml;Ekos;Cuerpo y baño;899
203480;Crema Firmador para el Bumbum Ekos Cupuacu 200 G;Ekos;Cuerpo y baño;1059
204451;Colonia Luna Nuit 75 Ml;Luna;Perfumería;1859
204459;Desodorante Hidratante Corporal Luna Nuit 300 Ml;Luna;Cuerpo y baño;959
204786;Crema Exfoliante para el Bumbum Ekos Cupuacu 190 G;Ekos;Cuerpo y baño;849
205402;Set Mamá y Bebé de minijabones surtidos;Mamá y Bebé;Regalos;499
205931;Aceite Bifásico Lumina Nutrición De Nanoprecisao 100 Ml;Lumina;Cuerpo y baño;829
205933;Perfume Una Nude 75 Ml;Una;Perfumería;3299
205934;Pro Palette De Sombras Una Nude 2c 7 G;Una;Cuerpo y baño;1399
205936;Crema Desodorante Nutritivo para el Cuerpo Tododia Frutilla y Vainilla Dorada 400 Ml;Tododia;Cuerpo y baño;789
205941;Crema Merengue para el Cuerpo Tododia Frutilla y Vainilla Dorada 250 G;Tododia;Cuerpo y baño;849
205946;Repuesto Crema Desodorante Hidratante para el Cuerpo Ekos Cupuacu 400 Ml;Ekos;Cuerpo y baño;699
206217;Jabón en Barra Puro Vegetal Cremoso Ekos Cupuacu 4 unidad De 100 G;Ekos;Cuerpo y baño;459
206230;Repuesto Crema Desodorante Nutritivo para el Cuerpo Tododia Frutilla y Vainilla Dorada 400 Ml;Tododia;Cuerpo y baño;471
206231;Aceite Bifásico Corporal Tododia Frutilla y Vainilla Dorada 120 Ml;Tododia;Cuerpo y baño;639
206730;Mascara para Pestañas Volume Marrom Una 7 G;Una;Maquillaje;799
207390;Set Mamá y Bebé Jabones Maternidade Completo;Mamá y Bebé;Regalos;1559
207887;Repuesto Set Mamá y Bebé Jabones Maternidade;Mamá y Bebé;Regalos;799
209219;Set Tododia de tres body splash miniatura;Tododia;Regalos;1099
209255;Marcador Delineadora para Os Ojos Faces 1 2ml;Faces;Maquillaje;529
210525;Shampoo estimulante Lumina 300 ml;Lumina;Cabello;419
210527;Acondicionador fortificante Lumina 300 ml;Lumina;Cabello;449
210529;Máscara acondicionadora antiebre Lumina 250 ml;Lumina;Cabello;599
210531;Sérum nocturno anticaída Lumina 100 ml;Lumina;Cuerpo y baño;699
212716;Crema Hidratante para As Manos Ekos Pitanga 75g;Ekos;Cuerpo y baño;599
212717;Jabón en Barra Puro Vegetal Cremoso y Exfoliante Ekos Pitanga 4 unidad De 100g;Ekos;Cuerpo y baño;459
213690;Crema Desodorante Hidratante para el Cuerpo Ekos Pitanga 400ml;Ekos;Cuerpo y baño;899
213691;Repuesto Pulpa Desodorante Hidratante para el Cuerpo Ekos Pitanga 400 Ml;Ekos;Cuerpo y baño;699
214410;Perfume Essencial Safran Femenino 100 Ml;Essencial;Perfumería;2899
214411;Perfume Essencial Safran Masculino 100 Ml;Essencial;Perfumería;2899
214469;Crema Hidratante para As Manos Ekos Cacau 75 G;Ekos;Cuerpo y baño;599
214685;Ritual De Cuidado para Manos y Pies Ekos Pitanga 2 unidad con 40g;Ekos;Cuerpo y baño;799
216412;Crema Hidratante para As Manos Ekos Vainilla Amazónica 75 G;Ekos;Cuerpo y baño;419
216414;Repuesto Crema Desodorante Hidratante para el Cuerpo Ekos Vainilla Amazónica 400 Ml;Ekos;Cuerpo y baño;489
216416;Crema Desodorante Hidratante para el Cuerpo Ekos Vainilla Amazónica 400 Ml;Ekos;Cuerpo y baño;699
216697;Serum Uniformizador para el Cuerpo Ekos Pitanga 200g;Ekos;Cuerpo y baño;979
216703;Mascara para Pestañas Volume Fever Faces 7ml;Faces;Maquillaje;569
216706;Máscara de pestañas Megafantástica 7 ml;Natura;Maquillaje;419
217196;Set Lumina Anticaspa 2 Productos;Lumina;Regalos;1299
217742;Jabón en Barra Puro Vegetal Cremoso Ekos Cacau 4 unidad De 100 G;Ekos;Cuerpo y baño;434
218368;Manteiga Desodorante Hidratante para el Cuerpo Ekos Cacau 200 G;Ekos;Cuerpo y baño;979
218370;Protector Labial Hidratante Ekos Cacau 3 5 G;Ekos;Maquillaje;429
218960;Frasqueira Termica Crer para Ver 1 Unidad;Natura;Regalos;899
218961;Regalo Mochila Crer para Ver 1 Unidad;Natura;Regalos;1599
218962;Regalo Caderno Mudando el Futuro Crer para Ver 1 Unidad;Natura;Cuerpo y baño;499
219299;Exfoliante para el Cuerpo Tododia Frutilla y Vainilla Dorada 190 G;Tododia;Cuerpo y baño;509
220914;Mascara para Pestañas y Sobrancelhas Incolor Faces 7ml;Faces;Maquillaje;419
220919;Crema Desodorante Hidratante para el Cuerpo Ekos Cacau 400 Ml;Ekos;Cuerpo y baño;899
221578;Leave In Liso+Liso Framboesa y Jojoba Tododia 110ml;Tododia;Cuerpo y baño;459
221580;Acondicionador Liso+Liso Framboesa y Jojoba Tododia 280ml;Tododia;Cabello;379
221581;Shampoo Liso+Liso Framboesa y Jojoba Tododia 300ml;Tododia;Cabello;359
222447;Colonia Ekos Frescor Maracuyá Natureza Dos Sonhos 150 Ml;Naturé;Infantil;899
224018;Escova Massageadora para Couro Cabeludo Lumina;Lumina;Cuerpo y baño;699
224496;Repuesto Crema Desodorante Hidratante para el Cuerpo Ekos Cacau 400 Ml;Ekos;Cuerpo y baño;699
224724;Caneca Coracao Crer para Ver 1 Unidad;Natura;Cuerpo y baño;399
224725;Case Organizador para Notebook Crer para Ver 1 Unidad;Natura;Cuerpo y baño;699
224727;Bolsa sustentable Natura;Natura;Regalos;599
224729;Necessaire De Viagem Crer para Ver 1 Unidad;Natura;Cuerpo y baño;609
224738;Set Cartao De Regalo Crer para Ver 3 Productos;Natura;Regalos;99
226588;Set Serum Chronos Intensivo Multimanchas con Repuesto 30 Ml;Chronos Derma;Regalos;2699
228003;Lata Kaiak 30 Anos 1 Unidad;Kaiak;Cuerpo y baño;399
228528;Colonia Kaiak 21k Masculino 100 Ml;Kaiak;Perfumería;1349
229539;Llavero Natura;Natura;Cuerpo y baño;149
229549;Garrafa Termica Crer para Ver 1 Unidad;Natura;Cuerpo y baño;1109
235241;Jabón en Barra Puro Vegetal Cremoso Ekos Vainilla Amazónica 4 unidad. De 100 G;Ekos;Cuerpo y baño;434
236332;Balsamo Desmaquillante para Rostro Faces 45g;Faces;Rostro;639
236375;Colonia Kaiak 21k Femenino 100 Ml;Kaiak;Perfumería;1899
237757;Body Splash Tododia Nectar De Miel 200 Ml;Tododia;Perfumería;775
237759;Gloss Labial Tododia Nectar De Miel 10 Ml;Tododia;Maquillaje;319
237760;Gloss Labial Tododia Caramelo Salgado 10 Ml;Tododia;Maquillaje;319
237761;Body Splash Tododia Caramelo Salgado 200 Ml;Tododia;Perfumería;969
237762;Jabón en Aceite Corporal Tododia Nectar De Miel 190 Ml;Tododia;Cuerpo y baño;699
237763;Body Splash Tododia Pistache en Crema 200 Ml;Tododia;Perfumería;969
237764;Aceite en Crema para el Cuerpo Tododia Caramelo Salgado 200ml;Tododia;Cuerpo y baño;849
237765;Gloss Labial 10ml Tododia Pistache en Crema Crema;Tododia;Maquillaje;319
237766;Crema Desodorante Nutritivo para el Cuerpo Tododia Caramelo Salgado 400 Ml;Tododia;Cuerpo y baño;789
237771;Exfoliante para el Cuerpo Tododia Pistache en Crema 200 Ml;Tododia;Cuerpo y baño;509
237778;Crema Desodorante Nutritivo para el Cuerpo Tododia Nectar De Miel 400 Ml;Tododia;Cuerpo y baño;789
237782;Crema Desodorante Nutritivo para el Cuerpo Tododia Pistache en Crema 400 Ml;Tododia;Cuerpo y baño;789
241046;Set Crema Hidratante para As Manos Ekos Castaña 3 unidad De 40 G;Ekos;Regalos;838
241317;Eau De Parfum Ekos Fava 50 Ml;Ekos;Perfumería;3119
242813;Repuesto Aceite Trifásico Desodorante Corporal Ekos Pitanga 200ml;Ekos;Cuerpo y baño;549
247692;Desodorante Hidratante Crema Corporal Antiatrito Kaiak 21k 100 Ml;Kaiak;Cuerpo y baño;399
248606;Set Tododia acondicionador reparador y repuesto;Tododia;Regalos;468
248607;Set Tododia shampoo reparador y repuesto;Tododia;Regalos;448
248615;Set Tododia crema para peinar y repuesto;Tododia;Regalos;448
248628;Jabón Líquido Corporal Masculino Kaiak 21k 100 Ml;Kaiak;Cuerpo y baño;249
249319;Set de fragancias Humor Mood Boosters;Humor;Regalos;2397
250231;Ekos Frescor Deo Colonia Vainilla Amazónica 150 Ml;Ekos;Perfumería;949
252879;Set infantil Naturé con sombrero bucket;Naturé;Regalos;1499
252883;Set infantil Naturé Corre Corre;Naturé;Regalos;999
252884;Set Naturé para cabello rizado y crespo;Naturé;Regalos;1249
252885;Set Naturé para cabello liso y ondulado;Naturé;Regalos;1249
252886;Set de regalo Luna Girl;Luna;Regalos;1199
252887;Set de regalo infantil con Colonia y shampoo;Natura;Regalos;1199
252890;Set infantil Kaiak Vibe;Kaiak;Regalos;999
255761;Exfoliante capilar pre-shampoo 70 g;Natura;Cabello;519
260169;Set infantil Naturé con mochila;Naturé;Regalos;2699
261234;Set Liso+Liso Tododia 3 Productos;Tododia;Regalos;999
262775;Set de acondicionador suave y repuesto;Natura;Regalos;698
262778;Set de shampoo equilibrante y repuesto;Natura;Regalos;668
263190;Set de shampoo y repuesto 300 ml;Natura;Regalos;728
263191;Set de acondicionador y repuesto 300 ml;Natura;Regalos;758
266795;Necessaire Tododia Nectar De Miel;Tododia;Cuerpo y baño;859
266801;Pochete Kaiak 21k;Kaiak;Regalos;999
268171;Set Tododia de 5 jabones surtidos;Tododia;Regalos;1149
268172;Set Tododia de 5 jabones vegetales surtidos;Tododia;Regalos;609
268178;Set Tododia jabón líquido en gel y repuesto;Tododia;Regalos;558
270022;Set Tododia crema corporal y repuesto 400 ml;Tododia;Regalos;1028
271289;Set Natura bolsa sustentable y llavero;Natura;Regalos;699
276734;Set de regalo Mamá y Bebé Relax;Mamá y Bebé;Regalos;1699
276735;Set Mamá y Bebé con neceser;Mamá y Bebé;Regalos;2549
